INSERT INTO category (id, created_at, title, slug, description) VALUES (1, '2023-12-19', 'Category 1', 'category-1', 'Category 1 description');
INSERT INTO category (id, created_at, title, slug, description) VALUES (2, '2023-12-03', 'Category 2', 'category-2', 'Category 2 description');
INSERT INTO category (id, created_at, title, slug, description) VALUES (3, '2023-04-21', 'Category 3', 'category-3', 'Category 3 description');
INSERT INTO category (id, created_at, title, slug, description) VALUES (4, '2023-02-24', 'Category 4', 'category-4', 'Category 4 description');
INSERT INTO category (id, created_at, title, slug, description) VALUES (5, '2023-11-25', 'Category 5', 'category-5', 'Category 5 description');
INSERT INTO category (id, created_at, title, slug, description) VALUES (6, '2023-05-25', 'Category 6', 'category-6', 'Category 6 description');
INSERT INTO category (id, created_at, title, slug, description) VALUES (7, '2023-07-01', 'Category 7', 'category-7', 'Category 7 description');
INSERT INTO category (id, created_at, title, slug, description) VALUES (8, '2023-12-02', 'Category 8', 'category-8', 'Category 8 description');
INSERT INTO category (id, created_at, title, slug, description) VALUES (9, '2023-08-08', 'Category 9', 'category-9', 'Category 9 description');
INSERT INTO category (id, created_at, title, slug, description) VALUES (10, '2023-08-07', 'Category 10', 'category-10', 'Category 10 description');
INSERT INTO category (id, created_at, title, slug, description) VALUES (11, '2023-01-30', 'Category 11', 'category-11', 'Category 11 description');
INSERT INTO category (id, created_at, title, slug, description) VALUES (12, '2023-02-10', 'Category 12', 'category-12', 'Category 12 description');
INSERT INTO category (id, created_at, title, slug, description) VALUES (13, '2023-06-08', 'Category 13', 'category-13', 'Category 13 description');
INSERT INTO category (id, created_at, title, slug, description) VALUES (14, '2023-11-28', 'Category 14', 'category-14', 'Category 14 description');
INSERT INTO category (id, created_at, title, slug, description) VALUES (15, '2023-10-29', 'Category 15', 'category-15', 'Category 15 description');
INSERT INTO category (id, created_at, title, slug, description) VALUES (16, '2023-01-13', 'Category 16', 'category-16', 'Category 16 description');
INSERT INTO category (id, created_at, title, slug, description) VALUES (17, '2023-07-12', 'Category 17', 'category-17', 'Category 17 description');
INSERT INTO category (id, created_at, title, slug, description) VALUES (18, '2023-04-09', 'Category 18', 'category-18', 'Category 18 description');
INSERT INTO category (id, created_at, title, slug, description) VALUES (19, '2023-03-15', 'Category 19', 'category-19', 'Category 19 description');
INSERT INTO category (id, created_at, title, slug, description) VALUES (20, '2023-07-26', 'Category 20', 'category-20', 'Category 20 description');
INSERT INTO city (id, created_at, title, slug, description) VALUES (1, '2023-06-16', 'City 1', 'city-1', 'City 1 description');
INSERT INTO city (id, created_at, title, slug, description) VALUES (2, '2023-08-19', 'City 2', 'city-2', 'City 2 description');
INSERT INTO city (id, created_at, title, slug, description) VALUES (3, '2023-06-12', 'City 3', 'city-3', 'City 3 description');
INSERT INTO city (id, created_at, title, slug, description) VALUES (4, '2023-06-13', 'City 4', 'city-4', 'City 4 description');
INSERT INTO city (id, created_at, title, slug, description) VALUES (5, '2023-03-01', 'City 5', 'city-5', 'City 5 description');
INSERT INTO city (id, created_at, title, slug, description) VALUES (6, '2023-02-09', 'City 6', 'city-6', 'City 6 description');
INSERT INTO city (id, created_at, title, slug, description) VALUES (7, '2023-09-10', 'City 7', 'city-7', 'City 7 description');
INSERT INTO city (id, created_at, title, slug, description) VALUES (8, '2023-11-22', 'City 8', 'city-8', 'City 8 description');
INSERT INTO city (id, created_at, title, slug, description) VALUES (9, '2023-02-28', 'City 9', 'city-9', 'City 9 description');
INSERT INTO city (id, created_at, title, slug, description) VALUES (10, '2023-02-26', 'City 10', 'city-10', 'City 10 description');
INSERT INTO city (id, created_at, title, slug, description) VALUES (11, '2023-07-24', 'City 11', 'city-11', 'City 11 description');
INSERT INTO city (id, created_at, title, slug, description) VALUES (12, '2023-05-05', 'City 12', 'city-12', 'City 12 description');
INSERT INTO city (id, created_at, title, slug, description) VALUES (13, '2023-08-17', 'City 13', 'city-13', 'City 13 description');
INSERT INTO city (id, created_at, title, slug, description) VALUES (14, '2023-10-11', 'City 14', 'city-14', 'City 14 description');
INSERT INTO city (id, created_at, title, slug, description) VALUES (15, '2023-11-29', 'City 15', 'city-15', 'City 15 description');
INSERT INTO city (id, created_at, title, slug, description) VALUES (16, '2023-03-10', 'City 16', 'city-16', 'City 16 description');
INSERT INTO city (id, created_at, title, slug, description) VALUES (17, '2023-11-30', 'City 17', 'city-17', 'City 17 description');
INSERT INTO city (id, created_at, title, slug, description) VALUES (18, '2023-06-20', 'City 18', 'city-18', 'City 18 description');
INSERT INTO city (id, created_at, title, slug, description) VALUES (19, '2023-05-01', 'City 19', 'city-19', 'City 19 description');
INSERT INTO city (id, created_at, title, slug, description) VALUES (20, '2023-12-12', 'City 20', 'city-20', 'City 20 description');
INSERT INTO "User" (id, created_at, "Name", "Surname", "UserName") VALUES (1, '2023-07-27', 'Name1', 'Surname1', 'user1');
INSERT INTO "User" (id, created_at, "Name", "Surname", "UserName") VALUES (2, '2023-04-24', 'Name2', 'Surname2', 'user2');
INSERT INTO "User" (id, created_at, "Name", "Surname", "UserName") VALUES (3, '2023-07-08', 'Name3', 'Surname3', 'user3');
INSERT INTO "User" (id, created_at, "Name", "Surname", "UserName") VALUES (4, '2023-08-18', 'Name4', 'Surname4', 'user4');
INSERT INTO "User" (id, created_at, "Name", "Surname", "UserName") VALUES (5, '2023-08-21', 'Name5', 'Surname5', 'user5');
INSERT INTO "User" (id, created_at, "Name", "Surname", "UserName") VALUES (6, '2023-05-11', 'Name6', 'Surname6', 'user6');
INSERT INTO "User" (id, created_at, "Name", "Surname", "UserName") VALUES (7, '2023-12-09', 'Name7', 'Surname7', 'user7');
INSERT INTO "User" (id, created_at, "Name", "Surname", "UserName") VALUES (8, '2023-04-24', 'Name8', 'Surname8', 'user8');
INSERT INTO "User" (id, created_at, "Name", "Surname", "UserName") VALUES (9, '2023-10-10', 'Name9', 'Surname9', 'user9');
INSERT INTO "User" (id, created_at, "Name", "Surname", "UserName") VALUES (10, '2023-10-03', 'Name10', 'Surname10', 'user10');
INSERT INTO "User" (id, created_at, "Name", "Surname", "UserName") VALUES (11, '2023-02-01', 'Name11', 'Surname11', 'user11');
INSERT INTO "User" (id, created_at, "Name", "Surname", "UserName") VALUES (12, '2023-09-26', 'Name12', 'Surname12', 'user12');
INSERT INTO "User" (id, created_at, "Name", "Surname", "UserName") VALUES (13, '2023-07-07', 'Name13', 'Surname13', 'user13');
INSERT INTO "User" (id, created_at, "Name", "Surname", "UserName") VALUES (14, '2023-10-25', 'Name14', 'Surname14', 'user14');
INSERT INTO "User" (id, created_at, "Name", "Surname", "UserName") VALUES (15, '2023-06-20', 'Name15', 'Surname15', 'user15');
INSERT INTO "User" (id, created_at, "Name", "Surname", "UserName") VALUES (16, '2023-02-16', 'Name16', 'Surname16', 'user16');
INSERT INTO "User" (id, created_at, "Name", "Surname", "UserName") VALUES (17, '2023-01-20', 'Name17', 'Surname17', 'user17');
INSERT INTO "User" (id, created_at, "Name", "Surname", "UserName") VALUES (18, '2023-08-17', 'Name18', 'Surname18', 'user18');
INSERT INTO "User" (id, created_at, "Name", "Surname", "UserName") VALUES (19, '2023-05-05', 'Name19', 'Surname19', 'user19');
INSERT INTO "User" (id, created_at, "Name", "Surname", "UserName") VALUES (20, '2023-12-25', 'Name20', 'Surname20', 'user20');
INSERT INTO post (id, created_at, title, short, content, cat_id, city_id) VALUES (1, '2023-10-24', 'Post 1', 'Short description 1', 'Full content of post 1.', 10, 15);
INSERT INTO post (id, created_at, title, short, content, cat_id, city_id) VALUES (2, '2023-03-01', 'Post 2', 'Short description 2', 'Full content of post 2.', 14, 5);
INSERT INTO post (id, created_at, title, short, content, cat_id, city_id) VALUES (3, '2023-12-11', 'Post 3', 'Short description 3', 'Full content of post 3.', 5, 12);
INSERT INTO post (id, created_at, title, short, content, cat_id, city_id) VALUES (4, '2023-10-22', 'Post 4', 'Short description 4', 'Full content of post 4.', 20, 18);
INSERT INTO post (id, created_at, title, short, content, cat_id, city_id) VALUES (5, '2023-08-17', 'Post 5', 'Short description 5', 'Full content of post 5.', 20, 13);
INSERT INTO post (id, created_at, title, short, content, cat_id, city_id) VALUES (6, '2023-10-16', 'Post 6', 'Short description 6', 'Full content of post 6.', 6, 8);
INSERT INTO post (id, created_at, title, short, content, cat_id, city_id) VALUES (7, '2023-08-03', 'Post 7', 'Short description 7', 'Full content of post 7.', 4, 17);
INSERT INTO post (id, created_at, title, short, content, cat_id, city_id) VALUES (8, '2023-02-05', 'Post 8', 'Short description 8', 'Full content of post 8.', 6, 3);
INSERT INTO post (id, created_at, title, short, content, cat_id, city_id) VALUES (9, '2023-08-04', 'Post 9', 'Short description 9', 'Full content of post 9.', 16, 18);
INSERT INTO post (id, created_at, title, short, content, cat_id, city_id) VALUES (10, '2023-02-04', 'Post 10', 'Short description 10', 'Full content of post 10.', 13, 18);
INSERT INTO post (id, created_at, title, short, content, cat_id, city_id) VALUES (11, '2023-03-01', 'Post 11', 'Short description 11', 'Full content of post 11.', 17, 3);
INSERT INTO post (id, created_at, title, short, content, cat_id, city_id) VALUES (12, '2023-12-18', 'Post 12', 'Short description 12', 'Full content of post 12.', 10, 9);
INSERT INTO post (id, created_at, title, short, content, cat_id, city_id) VALUES (13, '2023-01-05', 'Post 13', 'Short description 13', 'Full content of post 13.', 19, 8);
INSERT INTO post (id, created_at, title, short, content, cat_id, city_id) VALUES (14, '2023-08-07', 'Post 14', 'Short description 14', 'Full content of post 14.', 18, 17);
INSERT INTO post (id, created_at, title, short, content, cat_id, city_id) VALUES (15, '2023-02-08', 'Post 15', 'Short description 15', 'Full content of post 15.', 11, 6);
INSERT INTO post (id, created_at, title, short, content, cat_id, city_id) VALUES (16, '2023-07-25', 'Post 16', 'Short description 16', 'Full content of post 16.', 20, 3);
INSERT INTO post (id, created_at, title, short, content, cat_id, city_id) VALUES (17, '2023-04-25', 'Post 17', 'Short description 17', 'Full content of post 17.', 12, 11);
INSERT INTO post (id, created_at, title, short, content, cat_id, city_id) VALUES (18, '2023-10-16', 'Post 18', 'Short description 18', 'Full content of post 18.', 8, 12);
INSERT INTO post (id, created_at, title, short, content, cat_id, city_id) VALUES (19, '2023-01-18', 'Post 19', 'Short description 19', 'Full content of post 19.', 20, 13);
INSERT INTO post (id, created_at, title, short, content, cat_id, city_id) VALUES (20, '2023-11-14', 'Post 20', 'Short description 20', 'Full content of post 20.', 2, 1);